name,transaction_volume_data
grape,56.129182899159666
strawberry,32.85352632714717
watermelon,104.22009213151206
water_parsley,11.817992899968447
